<?xml version="1.0" encoding="UTF-8"?>
<database toolboxdatabasetype="Text" wrap="1088" toolboxversion="1.6.1 Jun 2013 for Mac Wine Windows emulators" toolboxwrite="export">
<idGroup>
<id>Text xxx recorded on 24/7/12</id>
<nt>Recorded at Remote Place, July 2012, and some other metadata recorded here.</nt>
<sect>report</sect>
<refGroup>
<ref>Ref.001</ref>
<txGroup>
<tx>blank</tx>
</txGroup>
</refGroup>
<wav>MP-20120724-01.wav 0 26.922</wav>
<refGroup>
<ref>Ref.002</ref>
<txGroup>
<tx>Yu</tx>
<mb>yu</mb>
<ge>yes</ge>
<ps>Interj</ps>
</txGroup>
<txGroup>
<tx>murrinh</tx>
<mb>murrinh</mb>
<ge>speech</ge>
<ps>NomCl</ps>
</txGroup>
<txGroup>
<tx>niyithniyith</tx>
<mb>niyithniyith</mb>
<ge>yarn</ge>
<ps>noun</ps>
</txGroup>
<txGroup>
<tx>murntak</tx>
<mb>murntak</mb>
<ge>old</ge>
<ps>adj</ps>
</txGroup>
<txGroup>
<tx>kanhi-yu</tx>
<mb>kanhi</mb>
<ge>this</ge>
<ps>dem</ps>
<mb>-yu</mb>
<ge>-??</ge>
<ps>-Part</ps>
</txGroup>
<ftGroup>
<ft>Yes, this is an old story.</ft>
</ftGroup>
</refGroup>
<wav>MP-20120724-01.wav 26.922 27.827</wav>
<refGroup>
<ref>Ref.003</ref>
<txGroup>
<tx>ngay</tx>
<mb>ngay</mb>
<ge>1s</ge>
<ps>Pro</ps>
</txGroup>
<txGroup>
<tx>ngardi-dha</tx>
<mb>ngardi</mb>
<ge>1sS.BE(4).PImp</ge>
<ps>CVS</ps>
<mb>-dha</mb>
<ge>-Pst</ge>
<ps>-Tns</ps>
</txGroup>
<txGroup>
<tx>ngarra</tx>
<mb>ngarra</mb>
<ge>Loc</ge>
<ps>prep</ps>
</txGroup>
<txGroup>
<tx>Wadeye</tx>
<mb>Wadeye</mb>
<ge>PL</ge>
<ps>PL</ps>
</txGroup>
<txGroup>
<tx>ngarra</tx>
<mb>ngarra</mb>
<ge>REL</ge>
<ps>Rel_Pro</ps>
</txGroup>
<txGroup>
<tx>marra-re</tx>
<mb>marra</mb>
<ge>now</ge>
<ps>adj</ps>
<mb>-re</mb>
<ge>-when</ge>
<ps>-Suff</ps>
</txGroup>
<txGroup>
<tx>(ga)thu</tx>
<mb>gathu</mb>
<ge>towards</ge>
<ps>Part</ps>
</txGroup>
<txGroup>
<tx>ngurdana-rurturttha</tx>
<mb>ngurdana</mb>
<ge>1sS.30.PImp</ge>
<ps>CVS</ps>
<mb>-rurturt</mb>
<ge>-grow</ge>
<ps>-LVS</ps>
<mb>-dha</mb>
<ge>-Pst</ge>
<ps>-Tns</ps>
</txGroup>
<txGroup>
<tx>ngardi</tx>
<mb>ngardi</mb>
<ge>1sS.BE(4).PImp</ge>
<ps>CVS</ps>
</txGroup>
<ftGroup>
<ft>(when) I was in Wadeye, when I was growing up.</ft>
</ftGroup>
</refGroup>
<wav>MP-20120724-01.wav 27.827 32.716</wav>
</idGroup>
</database>
